{
  "label": "L2D SLDS w/ $g_t$ attention (g_z)",
  "t_start": 1,
  "t_end": 9999,
  "regime_accuracy": 0.5021502150215021,
  "switch_delay_mean": NaN,
  "switch_delay_median": NaN,
  "corr_mae_by_regime": [
    0.151762343782652
  ],
  "corr_mae_cond_by_regime": [
    0.15670392615738427
  ],
  "pred_loss_corr_mae_by_regime": [
    0.5754268856934817
  ],
  "g_recovery": {},
  "avg_cost": 1.0026950272940867e-05,
  "avg_cost_no_g": 1.610050544048928e-05,
  "avg_cost_gain": 6.073555167548412e-06,
  "pred_loss_corr_mae_no_g_by_regime": [
    0.8962982292494847
  ],
  "pred_loss_corr_mae_linucb_partial_by_regime": [
    0.44576430662961875
  ],
  "pred_loss_corr_mae_neuralucb_partial_by_regime": [
    0.369049148704097
  ]
}