{
  "label": "L2D SLDS w/ $g_t$ attention (g_z)",
  "t_start": 1,
  "t_end": 2999,
  "regime_accuracy": 0.7852617539179727,
  "switch_delay_mean": 0.5789473684210527,
  "switch_delay_median": 0.0,
  "corr_mae_by_regime": [
    0.07538931262875913,
    0.24392511375912096
  ],
  "g_recovery": {
    "perm": [
      0,
      1
    ],
    "signs": [
      -1.0,
      -1.0
    ],
    "corr_matrix": [
      [
        -0.8557270204282815,
        -0.045574325707914275
      ],
      [
        -0.15316982165481804,
        -0.9130240722827121
      ]
    ],
    "mean_abs_corr": 0.8843755463554968,
    "per_dim_corr": [
      0.8557270204282815,
      0.9130240722827121
    ]
  },
  "avg_cost": 10.172049139550973,
  "avg_cost_no_g": 10.173932288710056,
  "avg_cost_gain": 0.0018831491590827198
}