{
  "label": "L2D SLDS w/ $g_t$ attention (g_z)",
  "t_start": 1,
  "t_end": 2999,
  "regime_accuracy": 0.7499166388796266,
  "switch_delay_mean": 0.5263157894736842,
  "switch_delay_median": 0.0,
  "corr_mae_by_regime": [
    0.05512505135919702,
    0.07064249021397813
  ],
  "g_recovery": {
    "perm": [
      0,
      1
    ],
    "signs": [
      -1.0,
      -1.0
    ],
    "corr_matrix": [
      [
        -0.816789567961386,
        -0.018714949248905387
      ],
      [
        -0.07321055542253782,
        -0.9506676466220478
      ]
    ],
    "mean_abs_corr": 0.883728607291717,
    "per_dim_corr": [
      0.816789567961386,
      0.9506676466220478
    ]
  },
  "avg_cost": 10.224537528918123,
  "avg_cost_no_g": 10.228047765614832,
  "avg_cost_gain": 0.0035102366967088017
}