{
  "label": "L2D SLDS w/ $g_t$ attention (g_z)",
  "t_start": 1,
  "t_end": 2999,
  "regime_accuracy": 0.7499166388796266,
  "switch_delay_mean": 0.5263157894736842,
  "switch_delay_median": 0.0,
  "corr_mae_by_regime": [
    0.05511494812108644,
    0.07064249021397813
  ],
  "g_recovery": {
    "perm": [
      0,
      1
    ],
    "signs": [
      -1.0,
      -1.0
    ],
    "corr_matrix": [
      [
        -0.8168375142362218,
        -0.018709397510044377
      ],
      [
        -0.07319715661680204,
        -0.9506695872215427
      ]
    ],
    "mean_abs_corr": 0.8837535507288823,
    "per_dim_corr": [
      0.8168375142362218,
      0.9506695872215427
    ]
  },
  "avg_cost": 10.224537528918123,
  "avg_cost_no_g": 10.228047765614832,
  "avg_cost_gain": 0.0035102366967088017
}