{
  "label": "L2D SLDS w/ $g_t$ attention (g_z)",
  "t_start": 1,
  "t_end": 2999,
  "regime_accuracy": 0.7235745248416139,
  "switch_delay_mean": 0.5789473684210527,
  "switch_delay_median": 0.0,
  "corr_mae_by_regime": [
    0.07518876970118964,
    0.24854621143053024
  ],
  "corr_mae_cond_by_regime": [
    0.1245560925394622,
    0.23077937742550358
  ],
  "pred_loss_corr_mae_by_regime": [
    0.10964481228061436,
    0.0033668165066148767
  ],
  "g_recovery": {
    "perm": [
      0,
      1
    ],
    "signs": [
      1.0,
      1.0
    ],
    "corr_matrix": [
      [
        0.8520185076952561,
        0.04525734594220394
      ],
      [
        0.15615358990257444,
        0.9111706384246525
      ]
    ],
    "mean_abs_corr": 0.8815945730599544,
    "per_dim_corr": [
      0.8520185076952561,
      0.9111706384246525
    ]
  },
  "avg_cost": 10.18914587033072,
  "avg_cost_no_g": 10.173932288710057,
  "avg_cost_gain": -0.015213581620661998,
  "pred_loss_corr_mae_no_g_by_regime": [
    0.08663171857724039,
    0.004398051310181319
  ],
  "pred_loss_corr_mae_linucb_partial_by_regime": [
    0.6506180047481267,
    0.6017545744331878
  ],
  "pred_loss_corr_mae_linucb_full_by_regime": [
    0.6494789278222748,
    0.5980982525376716
  ],
  "pred_loss_corr_mae_neuralucb_partial_by_regime": [
    0.4728650997545305,
    0.4029615653756173
  ],
  "pred_loss_corr_mae_neuralucb_full_by_regime": [
    0.6525035234933216,
    0.6314037169433685
  ]
}