{
  "label": "L2D SLDS w/ $g_t$ attention (g_z)",
  "t_start": 1,
  "t_end": 2999,
  "regime_accuracy": 0.7525841947315772,
  "switch_delay_mean": 0.5789473684210527,
  "switch_delay_median": 0.0,
  "corr_mae_by_regime": [
    0.07513075428430772,
    0.24649018700795663
  ],
  "g_recovery": {
    "perm": [
      0,
      1
    ],
    "signs": [
      -1.0,
      -1.0
    ],
    "corr_matrix": [
      [
        -0.8544221373076216,
        -0.04540915213448026
      ],
      [
        -0.15434908801792444,
        -0.9124902787742778
      ]
    ],
    "mean_abs_corr": 0.8834562080409497,
    "per_dim_corr": [
      0.8544221373076216,
      0.9124902787742778
    ]
  },
  "avg_cost": 10.17670300556262,
  "avg_cost_no_g": 10.173932288710056,
  "avg_cost_gain": -0.002770716852564803
}