{
  "label": "L2D SLDS w/ $g_t$ attention (g_z)",
  "t_start": 1,
  "t_end": 2999,
  "regime_accuracy": 0.5795265088362788,
  "switch_delay_mean": 1.1578947368421053,
  "switch_delay_median": 1.0,
  "corr_mae_by_regime": [
    0.09694904696498276,
    0.24517823420528573
  ],
  "corr_mae_cond_by_regime": [
    0.1107215163780853,
    0.2214501923083437
  ],
  "pred_loss_corr_mae_by_regime": [
    0.39245869379554305,
    0.25485962233965426
  ],
  "g_recovery": {
    "perm": [
      0,
      1
    ],
    "signs": [
      1.0,
      1.0
    ],
    "corr_matrix": [
      [
        0.6643878161307256,
        0.05598733631718461
      ],
      [
        0.2333141842410267,
        0.7129264135371147
      ]
    ],
    "mean_abs_corr": 0.6886571148339202,
    "per_dim_corr": [
      0.6643878161307256,
      0.7129264135371147
    ]
  },
  "avg_cost": 13.497948107542756,
  "pred_loss_corr_mae_linucb_partial_by_regime": [
    0.6506180047481267,
    0.6017545744331878
  ],
  "pred_loss_corr_mae_neuralucb_partial_by_regime": [
    0.4728650997545305,
    0.4029615653756173
  ]
}