{
  "label": "L2D SLDS w/ $g_t$ attention (g_z)",
  "t_start": 1,
  "t_end": 8505,
  "regime_accuracy": 0.41552028218694886,
  "switch_delay_mean": NaN,
  "switch_delay_median": NaN,
  "corr_mae_by_regime": [
    0.15409870579148122
  ],
  "corr_mae_cond_by_regime": [
    0.13998729852205724
  ],
  "pred_loss_corr_mae_by_regime": [
    0.18250954250746557
  ],
  "g_recovery": {},
  "avg_cost": 0.004394560319311659,
  "avg_cost_no_g": 0.004456979852492842,
  "avg_cost_gain": 6.241953318118255e-05,
  "pred_loss_corr_mae_no_g_by_regime": [
    0.23461951662800082
  ],
  "pred_loss_corr_mae_linucb_partial_by_regime": [
    0.17430838340890498
  ],
  "pred_loss_corr_mae_neuralucb_partial_by_regime": [
    0.07994159490642433
  ]
}